company_name,location_info,last_visit,days_ago,website_visits_score,activity_level
Kremer BV 's Heerenberg,"'s-Heerenberg, Netherlands | IT Services and IT Consulting",2 dagen geleden,2,10,GROEN
Van der Valk Business,"Voorschoten, Netherlands | Hospitality",1 maand geleden,30,3,ROOD
STEBOMA,"Beverwijk, Netherlands",21 dagen geleden,21,4,ORANJE
Anton Groep,"Obdam, Netherlands",21 dagen geleden,21,4,ORANJE
PepsiCo,"Purchase, United States of America | Technology, Information and Internet",6 dagen geleden,6,8,GROEN
PepsiCo,"Oslo, Norway | Technology, Information and Internet",2 dagen geleden,2,10,GROEN
Ship Install,"Heusden, Netherlands | Shipbuilding",29 dagen geleden,29,3,ROOD
Sanitair Installatie Hoogendoorn BV,"Woerden, Netherlands | Construction",7 dagen geleden,7,8,GROEN
Loohuis-Meulenbeld Installatietechnieken B.V.,"Enschede, Netherlands | Construction",8 dagen geleden,8,6,ORANJE
Electro-Techniek Van Hees,"Tilburg, Netherlands | Construction",6 maanden geleden,180,1,ROOD
Worrell & Jetten Accountants en Adviseurs,"Zoetermeer, Netherlands | Financial Services",4 maanden geleden,120,1,ROOD
Koninklijke Damstra Installatiegroep,"Driezum, Netherlands | Construction",11 maanden geleden,330,1,ROOD
Telindus,"Utrecht, Netherlands",2 maanden geleden,60,1,ROOD
Bouwbedrijf L. van de Ven BV,"Veghel, Netherlands | Construction",3 maanden geleden,90,1,ROOD
vdBuijsInstall,"Zundert, Netherlands | Appliances, Electrical, and Electronics Manufacturing",2 dagen geleden,2,10,GROEN
Vink Installatie Groep B.V.,"Roelofarendsveen, Netherlands | Construction",2 maanden geleden,60,1,ROOD
Climat Systems Brabant,"Budel, Netherlands | Appliances, Electrical, and Electronics Manufacturing",5 maanden geleden,150,1,ROOD
PepsiCo,"Leicester, United Kingdom of Great Britain and Northern Ireland | Technology, Information and Internet",28 dagen geleden,28,3,ROOD
Duurzaam Opgewekt,"Geldermalsen, Netherlands",57 minuten geleden,0,10,GROEN
Sandee Groen,"Kamperland, Netherlands | Architecture and Planning",20 dagen geleden,20,4,ORANJE
WETEC,"Eindhoven, Netherlands | IT Services and IT Consulting",8 maanden geleden,240,1,ROOD
LOTEC B.V.,"Eindhoven, Netherlands | Industrial Machinery Manufacturing",9 maanden geleden,270,1,ROOD
Ebert HERA,"Baden-Baden, Germany | Oil and Gas",3 maanden geleden,90,1,ROOD
BEAK Holding,"Toftir, Faroe Islands | Real Estate",23 dagen geleden,23,3,ROOD
Acto Informatisering,"Amersfoort, Netherlands | IT Services and IT Consulting",6 maanden geleden,180,1,ROOD
DENIOS,"Alphen Aan Den Rijn, Netherlands | Environmental Services",21 dagen geleden,21,4,ORANJE
Installatieburo Eval,"Rosmalen, Netherlands | Construction",8 maanden geleden,240,1,ROOD
Kollect,"Waterford, Ireland | IT Services and IT Consulting",1 maand geleden,30,3,ROOD
ETB A.Hogenes B.V.,"Alphen aan den Rijn, Netherlands | Appliances, Electrical, and Electronics Manufacturing",16 dagen geleden,16,4,ORANJE
Get There,"Leek, Netherlands | IT Services and IT Consulting",9 dagen geleden,9,6,ORANJE
Brusche Elektrotechniek,"Almelo, Netherlands | Construction",8 uur geleden,0,10,GROEN
VHI Koudetechniek B.V.,"Uden, Netherlands | Industrial Machinery Manufacturing",4 maanden geleden,120,1,ROOD
Kemkens,"Oss, Netherlands | Oil and Gas",1 maand geleden,30,3,ROOD
Automatic Signal,"Rijsenhout, Netherlands | Security and Investigations",8 maanden geleden,240,1,ROOD
Roodenburg Installatie Bedrijf,"Krimpen aan den IJssel, Netherlands",1 dag geleden,1,10,GROEN
Warpnet,"Groningen, Netherlands | Computer and Network Security",7 maanden geleden,210,1,ROOD
Lindeloof B.V.,"Hellevoetsluis, Netherlands | Construction",1 jaar geleden,999,1,ROOD
Olof Schuur,"Zwolle, Netherlands | Industrial Machinery Manufacturing",7 maanden geleden,210,1,ROOD
Visser & Visser,"Barendrecht, Netherlands | Financial Services",7 maanden geleden,210,1,ROOD
Omnivent - Storage Made Easy,"Zeewolde, Netherlands | Industrial Machinery Manufacturing",4 maanden geleden,120,1,ROOD
Monkey Vision,"Nijmegen, Netherlands | Technology, Information and Internet",2 maanden geleden,60,1,ROOD
Ploeg kozijnen,"Nieuw-Vennep, Netherlands | Construction",21 dagen geleden,21,4,ORANJE
B2B Office Solutions,"Tallaght, Ireland | Retail Office Equipment",11 maanden geleden,330,1,ROOD
Van Delft Groep,"Nieuwkuijk, Netherlands | Construction",7 dagen geleden,7,8,GROEN
KPI Solutions,"Nijmegen, Netherlands | Transportation, Logistics, Supply Chain and Storage",2 maanden geleden,60,1,ROOD
Oegema Logistics+,"Dedemsvaart, Netherlands | Truck Transportation",6 maanden geleden,180,1,ROOD
NIBHV,"Rotterdam, Netherlands | Education Administration Programs",3 maanden geleden,90,1,ROOD
Van der Heijden bouw en ontwikkeling,"Schaijk, Netherlands",10 dagen geleden,10,6,ORANJE
Advanced Separation Company,"Diemen, Netherlands | Financial Services",11 maanden geleden,330,1,ROOD
Freelance.nl,"Rotterdam, Netherlands | Technology, Information and Internet",11 maanden geleden,330,1,ROOD
Enshore,"Groningen, Netherlands | IT Services and IT Consulting",2 maanden geleden,60,1,ROOD
Technoberg,"Purmerend, Netherlands | IT Services and IT Consulting",4 maanden geleden,120,1,ROOD
Modderkolk Projects & Maintenance BV,"Wijchen, Netherlands | Commercial and Industrial Machinery Maintenance",2 dagen geleden,2,10,GROEN
Bol Adviseurs,"Boxmeer, Netherlands | Financial Services",4 maanden geleden,120,1,ROOD
Technisch buro Pola B.V.,"Zevenaar, Netherlands",2 maanden geleden,60,1,ROOD
In Summa,"Raamsdonksveer, Netherlands | IT Services and IT Consulting",4 maanden geleden,120,1,ROOD
DTX | Dutch Technology eXperts,"Alkmaar, Netherlands | IT Services and IT Consulting",5 maanden geleden,150,1,ROOD
Verkoelen Dakspecialisten: Mens Dak Duurzaam,"Weert, Netherlands | Real Estate",6 maanden geleden,180,1,ROOD
T & S Klimaattechniek,"Woerden, Netherlands | Construction",2 dagen geleden,2,10,GROEN
DWT installatiegroep BV,"Amsterdam, Netherlands",30 dagen geleden,30,3,ROOD
TUeCursor,"Eindhoven, Netherlands | Research Services",1 uur geleden,0,10,GROEN
KTI Installatietechniek,"Amsterdam, Netherlands | Wholesale Building Materials",1 maand geleden,30,3,ROOD
Aragorn ICT Dienstverlening,"Eindhoven, Netherlands | IT Services and IT Consulting",14 dagen geleden,14,6,ORANJE
Jacobs Elektro Group,"Amsterdam, Netherlands | Construction",9 maanden geleden,270,1,ROOD
(Cambridge Innovation Center),"Rotterdam, Netherlands | Real Estate",8 maanden geleden,240,1,ROOD
Klomp,"Amsterdam, Netherlands | Building Structure and Exterior Contractors",1 maand geleden,30,3,ROOD
Van den Broek Systemen,"Almere Stad, Netherlands | Construction",3 maanden geleden,90,1,ROOD
SAP,"Amsterdam, Netherlands | IT Services and IT Consulting",7 maanden geleden,210,1,ROOD
OBI automatisering,"Geldrop, Netherlands | Computer Networking Products",9 maanden geleden,270,1,ROOD
9altitudes,"Kortrijk, Belgium | IT Services and IT Consulting",10 maanden geleden,300,1,ROOD
Technisch Buro T.O.M.,"Rotterdam, Netherlands | Construction",7 dagen geleden,7,8,GROEN
Funk-e,"Rotterdam, Netherlands | Public Relations and Communications Services",3 maanden geleden,90,1,ROOD
THE FWD CO.,"Venlo, Netherlands",1 jaar geleden,999,1,ROOD
I-care Group,"Mons, Belgium | Industrial Machinery Manufacturing",10 maanden geleden,300,1,ROOD
Van Gerwen Installaties,"Goirle, Netherlands | Appliances, Electrical, and Electronics Manufacturing",7 dagen geleden,7,8,GROEN
WL Techniek,"Rotterdam, Netherlands | Construction",8 maanden geleden,240,1,ROOD
Visser ATR,"Eindhoven, Netherlands | Environmental Services",7 maanden geleden,210,1,ROOD
Van de Klok,"Nijmegen, Netherlands | Construction",6 maanden geleden,180,1,ROOD
MD Service B.V.,"Moordrecht, Netherlands | Construction",1 maand geleden,30,3,ROOD
VMB security & solutions,"Voorburg, Netherlands | Security and Investigations",1 uur geleden,0,10,GROEN
DO & Co. München,"Garching bei München, Germany | Events Services",2 maanden geleden,60,1,ROOD
Spot ICT Oplossingen,"Purmerend, Netherlands | Telecommunications",2 maanden geleden,60,1,ROOD
Damen,"Gorinchem, Netherlands | Shipbuilding",11 maanden geleden,330,1,ROOD
Bruxelles-Propreté | Net Brussel,"Brussels, Belgium | Government Administration",2 maanden geleden,60,1,ROOD
BigBrother International,"Ede, Netherlands | Security and Investigations",5 maanden geleden,150,1,ROOD
Technisch Installatiebedrijf Tibo-Veen,"Veen, Netherlands | Appliances, Electrical, and Electronics Manufacturing",11 maanden geleden,330,1,ROOD
Prodware,"Zaltbommel, Netherlands | IT Services and IT Consulting",1 jaar geleden,999,1,ROOD
HighQ,"Woerden, Netherlands | Staffing and Recruiting",11 maanden geleden,330,1,ROOD
Van Dorp,"Zoetermeer, Netherlands | Construction",28 dagen geleden,28,3,ROOD
Easyfairs,"Gorinchem, Netherlands | Events Services",9 maanden geleden,270,1,ROOD
Bitcom,"Dordrecht, Netherlands | IT Services and IT Consulting",7 maanden geleden,210,1,ROOD
Voskamp Groep B.V.,"Almelo, Netherlands | Wholesale Building Materials",21 dagen geleden,21,4,ORANJE
Livingprojects,"Breda, Netherlands | Architecture and Planning",4 maanden geleden,120,1,ROOD
Klimaatservice Holland B.V.,"Hardinxveld-Giessendam, Netherlands | Construction",4 maanden geleden,120,1,ROOD
Van den Pol Elektrotechniek,"Montfoort, Netherlands | Appliances, Electrical, and Electronics Manufacturing",4 maanden geleden,120,1,ROOD
RIVM National Institute for Public Health and the Environment,"Bilthoven, Netherlands | Wellness and Fitness Services",1 maand geleden,30,3,ROOD
Media Markt - Saturn Nederland,"Rotterdam, Netherlands | Advertising Services",12 dagen geleden,12,6,ORANJE
Bisharp,"Amsterdam, Netherlands | Business Intelligence Platforms",1 jaar geleden,999,1,ROOD
Maas-Intersales,"Eindhoven, Netherlands | Food and Beverage Manufacturing",8 maanden geleden,240,1,ROOD
Future Growth,"Rotterdam, Netherlands | Advertising Services",8 maanden geleden,240,1,ROOD
Notifica,"Hilversum, Netherlands | Information Services",3 dagen geleden,3,8,GROEN
Notifica,"Hilversum, Netherlands | Information Services",32 minuten geleden,0,10,GROEN
Jules Goossens Bliksembeveiliging,"'s-Hertogenbosch, Netherlands | Engineering Services",1 jaar geleden,999,1,ROOD
DMN-WESTINGHOUSE,"Noordwijkerhout, Netherlands | Machinery Manufacturing",1 jaar geleden,999,1,ROOD
BVIntersell,"Amsterdam, Netherlands | Construction",11 maanden geleden,330,1,ROOD
Van de Velde Installatiegroep,"Amsterdam, Netherlands | Construction",3 maanden geleden,90,1,ROOD
MediaService Maastricht,"Maastricht, Netherlands | IT Services and IT Consulting",3 maanden geleden,90,1,ROOD
Carool Installatiebedrijf,"Utrecht, Netherlands | Construction",2 maanden geleden,60,1,ROOD
First Information & Technology Solutions,"Durham, United States of America | Software Development",2 maanden geleden,60,1,ROOD
Seven-Winds,"Veenendaal, Netherlands | IT Services and IT Consulting",28 dagen geleden,28,3,ROOD
Lasaulec BV,"Heerenveen, Netherlands | Wholesale",8 maanden geleden,240,1,ROOD
Instacom,"Zaandam, Netherlands",2 dagen geleden,2,10,GROEN
M&O Techniek BV,"Wormer, Netherlands | Renewable Energy Semiconductor Manufacturing",11 maanden geleden,330,1,ROOD
Staal Dekker en Ronday Electrotechniek,"Amsterdam, Netherlands",7 dagen geleden,7,8,GROEN
4PS,"João Neiva, Brazil | IT Services and IT Consulting",11 maanden geleden,330,1,ROOD
Randstad,"Diemen, Netherlands | Staffing and Recruiting",11 maanden geleden,330,1,ROOD
Stoneridge,"Solna, Sweden | Truck Transportation",10 maanden geleden,300,1,ROOD
Braanker Logistics,"Alblasserdam, Netherlands | Transportation, Logistics, Supply Chain and Storage",5 maanden geleden,150,1,ROOD
Bonheur Horeca Groep,"Tilburg, Netherlands | Hospitality",9 maanden geleden,270,1,ROOD
Eyeworks Switzerland GmbH,"Amsterdam, Netherlands | Media Production",9 maanden geleden,270,1,ROOD
FutureRange,"Co. Dublin, Ireland | IT Services and IT Consulting",7 maanden geleden,210,1,ROOD
Hatenboer-Water,"Schiedam, Netherlands | Maritime Transportation",6 maanden geleden,180,1,ROOD
Gemeenschappelijke regeling DCMR Milieudienst Rijnmond,"Schiedam, Netherlands | Environmental Services",6 maanden geleden,180,1,ROOD
ECI Software Solutions,"Leusden, Netherlands | Software Development",4 maanden geleden,120,1,ROOD
Waterschap Drents Overijsselse Delta,"Zwolle, Netherlands | Civic and Social Organizations",4 maanden geleden,120,1,ROOD
Gemeenschappelijke Regeling Omgevingsdienst Midden- en West-Brabant,"Tilburg, Netherlands | Government Administration",4 maanden geleden,120,1,ROOD
Xantion,"Ede, Netherlands | Computer and Network Security",17 dagen geleden,17,4,ORANJE
vzw Jong,"Ghent, Belgium | Civic and Social Organizations",3 maanden geleden,90,1,ROOD
Martens beton,"Oosterhout, Netherlands | Glass, Ceramics and Concrete Manufacturing",3 maanden geleden,90,1,ROOD
V.D.B. Automatisering,"Berlicum, Netherlands | IT Services and IT Consulting",2 maanden geleden,60,1,ROOD
PCT Refrigeration,"Deurne, Netherlands | Machinery Manufacturing",21 dagen geleden,21,4,ORANJE
Gemeente Wierden,"Wierden, Netherlands | Public Policy Offices",2 maanden geleden,60,1,ROOD
Linthorst,"Leiden, Netherlands | Construction",2 maanden geleden,60,1,ROOD
Wolfsenwolfs.Nl,"Amsterdam, Netherlands",10 maanden geleden,300,1,ROOD
Inceptum.Nu,"Eindhoven, Netherlands",2 maanden geleden,60,1,ROOD
Jkelnerlaw.Com,"Brussels, Belgium",1 maand geleden,30,3,ROOD
THE FWD CO.,"Hamont-Achel, Belgium",1 jaar geleden,999,1,ROOD
Zondervan Groep,"Rhoon, Netherlands | Construction",7 maanden geleden,210,1,ROOD
Voshol Warmte en Elektrotechniek,"Bleiswijk, Netherlands",3 maanden geleden,90,1,ROOD
Batenburg Techniek N.V.,"Rotterdam, Netherlands | Industrial Machinery Manufacturing",10 maanden geleden,300,1,ROOD
Ctrack UK & Ireland,"Papendrecht, Netherlands | IT Services and IT Consulting",20 dagen geleden,20,4,ORANJE
Mobilis TBI,"Apeldoorn, Netherlands | Construction",14 dagen geleden,14,6,ORANJE
DKC totaaltechniek B.V.,"Wijchen, Netherlands | Construction",6 maanden geleden,180,1,ROOD
"Ministerie van Onderwijs, Cultuur en Wetenschappen","Groningen, Netherlands | Government Administration",8 maanden geleden,240,1,ROOD
Accountants Adviseurs Blomer,"Nieuwegein, Netherlands | Accounting",6 maanden geleden,180,1,ROOD
Mampaey installatie bedrijven,"Dordrecht, Netherlands | Appliances, Electrical, and Electronics Manufacturing",7 maanden geleden,210,1,ROOD
Brainport Eindhoven,"Eindhoven, Netherlands | Business Consulting and Services",11 maanden geleden,330,1,ROOD
Exclaimer,"Zwaagdijk-Oost, Netherlands | IT Services and IT Consulting",11 maanden geleden,330,1,ROOD
Haskoning,"Amersfoort, Netherlands | Business Consulting and Services",1 jaar geleden,999,1,ROOD
GVB,"Amsterdam, Netherlands | Rail Transportation",1 jaar geleden,999,1,ROOD
Ymere,"Amsterdam, Netherlands | Real Estate",4 maanden geleden,120,1,ROOD
Waterschap Reest En Wieden,"Zwolle, Netherlands",11 maanden geleden,330,1,ROOD
Samenwerking A2-gemeenten,"Heeze, Netherlands | Government Administration",10 maanden geleden,300,1,ROOD
Strukton,"Utrecht, Netherlands | Construction",10 maanden geleden,300,1,ROOD
Deltacom kantoorautomatisering,"Steenbergen, Netherlands | IT Services and IT Consulting",10 maanden geleden,300,1,ROOD
Fontys University of Applied Sciences,"Eindhoven, Netherlands | Higher Education",10 maanden geleden,300,1,ROOD
Linklaters,"Amsterdam, Netherlands | Law Practice",10 maanden geleden,300,1,ROOD
Paree B.V.,"s-Heerenhoek, Netherlands | Automation Machinery Manufacturing",10 maanden geleden,300,1,ROOD
Royal Jaarbeurs,"Utrecht, Netherlands | Musicians",4 maanden geleden,120,1,ROOD
New York University,"London, United Kingdom of Great Britain and Northern Ireland | Higher Education",10 maanden geleden,300,1,ROOD
gemeente Smallingerland,"Drachten, Netherlands | Government Administration",9 maanden geleden,270,1,ROOD
Gemeente Veldhoven,"Veldhoven, Netherlands | Government Relations Services",9 maanden geleden,270,1,ROOD
Texas Capital Securities,"Dallas, United States of America | Financial Services",2 maanden geleden,60,1,ROOD
Volker Wessels,"Amersfoort, Netherlands | Construction",9 maanden geleden,270,1,ROOD
JWR Elektrotechniek,"Wijchen, Netherlands | Appliances, Electrical, and Electronics Manufacturing",9 maanden geleden,270,1,ROOD
Voya Financial,"New York, United States of America | Financial Services",7 maanden geleden,210,1,ROOD
Southend-on-Sea City Council,"Southend-on-Sea, United Kingdom of Great Britain and Northern Ireland | Retail Office Equipment",7 maanden geleden,210,1,ROOD
Nederlands Instituut Fysieke Veiligheid,"Arnhem, Netherlands",7 maanden geleden,210,1,ROOD
Inflexion,"Manchester, United Kingdom of Great Britain and Northern Ireland | Business Consulting and Services",7 maanden geleden,210,1,ROOD
Waterschap Brabantse Delta,"Breda, Netherlands | Government Administration",6 maanden geleden,180,1,ROOD
Inflexion,"London, United Kingdom of Great Britain and Northern Ireland | Business Consulting and Services",7 maanden geleden,210,1,ROOD
Rijksmuseum,"Amsterdam, Netherlands | Museums, Historical Sites, and Zoos",6 maanden geleden,180,1,ROOD
Volvo Group,"Gothenburg, Sweden | Motor Vehicle Manufacturing",6 maanden geleden,180,1,ROOD
Royal BAM Group,"Bunnik, Netherlands | Construction",6 maanden geleden,180,1,ROOD
De Huismeesters,"Groningen, Netherlands | Real Estate",6 maanden geleden,180,1,ROOD
Stichting De Nederlandse School voor Onderwijsmanagement,"Diemen, Netherlands | Higher Education",5 maanden geleden,150,1,ROOD
Wasco,"Apeldoorn, Netherlands",5 maanden geleden,150,1,ROOD
ULC Groep,"Utrecht, Netherlands | Construction",5 maanden geleden,150,1,ROOD
Deltion College,"Zwolle, Netherlands | Higher Education",5 maanden geleden,150,1,ROOD
Shoeby,"Rosmalen, Netherlands | Retail",5 maanden geleden,150,1,ROOD
AllSolutions,"Woerden, Netherlands | Software Development",4 maanden geleden,120,1,ROOD
Onecom,"Fareham, United Kingdom of Great Britain and Northern Ireland | Consumer Services",2 maanden geleden,60,1,ROOD
Bogro Snelrewaard BV,"Snelrewaard, Netherlands | Construction",4 maanden geleden,120,1,ROOD
Agriband,"Veenendaal, Netherlands",4 maanden geleden,120,1,ROOD
Laurens,"Rotterdam, Netherlands | Printing Services",3 maanden geleden,90,1,ROOD
Van Raam,"Varsseveld, Netherlands | Manufacturing",3 maanden geleden,90,1,ROOD
Prime Vision,"Delft, Netherlands | Software Development",3 maanden geleden,90,1,ROOD
Lightronics,"Waalwijk, Netherlands | Electric Lighting Equipment Manufacturing",3 maanden geleden,90,1,ROOD
Alliander,"Arnhem, Netherlands | Utilities",3 maanden geleden,90,1,ROOD
Veld Koeltechniek,"Groenlo, Netherlands | Industrial Machinery Manufacturing",2 maanden geleden,60,1,ROOD
"Rozet | taal, kunst en erfgoed","Arnhem, Netherlands | Non-profit Organizations",3 maanden geleden,90,1,ROOD
TANATEX Chemicals,"Ede, Netherlands | Chemical Manufacturing",2 maanden geleden,60,1,ROOD
BNP Paribas,"Paris, France | Banking",2 maanden geleden,60,1,ROOD
Nijhof Groep,"Beemte-Broekland, Netherlands | Construction",2 maanden geleden,60,1,ROOD
Slagboom Vlaardingen Elektrotechniek,"Vlaardingen, Netherlands | Appliances, Electrical, and Electronics Manufacturing",2 maanden geleden,60,1,ROOD
Eurofiber,"Maarssen, Netherlands | IT Services and IT Consulting",2 maanden geleden,60,1,ROOD
KLM Royal Dutch Airlines,"Schiphol, Netherlands | Airlines and Aviation",2 maanden geleden,60,1,ROOD
Herwers BV,"Hengelo, Netherlands | Motor Vehicle Manufacturing",2 maanden geleden,60,1,ROOD
Klimaatgroep Holland,"Groningen, Netherlands",1 maand geleden,30,3,ROOD
Vooruit - IT in beweging,"Huizen, Netherlands | Computer Networking Products",1 maand geleden,30,3,ROOD
Clone Systems,"Philadelphia, United States of America | Computer and Network Security",30 dagen geleden,30,3,ROOD
Solarlux,"Melle, Germany | Wholesale Building Materials",30 dagen geleden,30,3,ROOD
Piet Brouwer Elektrotechniek,"Urk, Netherlands | Appliances, Electrical, and Electronics Manufacturing",30 dagen geleden,30,3,ROOD
Lassche & Keizer,"Oldenzaal, Netherlands | Industrial Machinery Manufacturing",28 dagen geleden,28,3,ROOD
A B & T,"Velp, Netherlands | Automation Machinery Manufacturing",28 dagen geleden,28,3,ROOD
Huisman & van Muijen,"'s-Hertogenbosch, Netherlands | Construction",23 dagen geleden,23,3,ROOD
TNO,"The Hague, Netherlands | Research Services",16 dagen geleden,16,4,ORANJE
Deltares,"Delft, Netherlands | Research Services",15 dagen geleden,15,4,ORANJE
A. de Jong Groep,"Schiedam, Netherlands | Utilities Administration",13 dagen geleden,13,6,ORANJE
Nagarro,"Munich, Germany | IT Services and IT Consulting",9 dagen geleden,9,6,ORANJE
Datasource Background Screening,"Blue Springs, United States of America | Human Resources Services",7 dagen geleden,7,8,GROEN
K3,"Waalwijk, Netherlands | IT Services and IT Consulting",7 dagen geleden,7,8,GROEN
BLR-Bimon,"Montfoort, Netherlands | Construction",6 dagen geleden,6,8,GROEN
Taxameter Centrale,"Duivendrecht, Netherlands | IT Services and IT Consulting",3 dagen geleden,3,8,GROEN
Ovimex,"Deventer, Netherlands | Printing Services",3 dagen geleden,3,8,GROEN
Focus Solutions,"Bunnik, Netherlands | Food and Beverage Services",1 jaar geleden,999,1,ROOD
CoffeeX,"Denpasar, Indonesia | Marketing Services",1 jaar geleden,999,1,ROOD
Peak Development Group,"Amersfoort, Netherlands | Investment Management",3 maanden geleden,90,1,ROOD
VINCI Energies NL,"Veghel, Netherlands",3 maanden geleden,90,1,ROOD
THE FWD CO.,"Eindhoven, Netherlands",1 jaar geleden,999,1,ROOD
Zuid-Nederlands Installatiebedrijf Z.N.I.,"Oosterhout, Netherlands | Construction",11 maanden geleden,330,1,ROOD
Saman Groep,"Zierikzee, Netherlands | Services for Renewable Energy",2 maanden geleden,60,1,ROOD
Instain installatietechniek,"Zoetermeer, Netherlands | Construction",16 dagen geleden,16,4,ORANJE
Vesting Groep Materieel,"Dalfsen, Netherlands | Investment Banking",2 dagen geleden,2,10,GROEN
Bravo Beveiliging B.V.,"Hengelo, Netherlands | Security and Investigations",11 maanden geleden,330,1,ROOD
CC Group,"Rijswijk, Netherlands | IT Services and IT Consulting",6 maanden geleden,180,1,ROOD
BRON | TECHNOLOGIE,"Apeldoorn, Netherlands",10 maanden geleden,300,1,ROOD
IGATE,"Mumbai, India | IT Services and IT Consulting",9 maanden geleden,270,1,ROOD
Solar Group,"Alkmaar, Netherlands | International Trade and Development",7 maanden geleden,210,1,ROOD
AGB Bouw,"Roosendaal, Netherlands | Construction",4 maanden geleden,120,1,ROOD
YouKnights,"Eindhoven, Netherlands | Business Consulting and Services",4 maanden geleden,120,1,ROOD
Te Kloeze Riooltechniek,"Terborg, Netherlands | Facilities Services",2 maanden geleden,60,1,ROOD
Totaal Installateur Brouwer B.V.,"Amsterdam, Netherlands | Construction",2 maanden geleden,60,1,ROOD
Berens Badkamers,"Woerden, Netherlands | Retail",2 maanden geleden,60,1,ROOD
Electrotechnisch Installatiebureau Van Schaik Zeist,"Zwolle, Netherlands | Building Structure and Exterior Contractors",2 maanden geleden,60,1,ROOD
Ladewig,"Gærum, Denmark",1 maand geleden,30,3,ROOD
Gerssen Elektrotechniek,"Eindhoven, Netherlands | Construction",2 maanden geleden,60,1,ROOD
Bosma & Bronkhorst B.V.,"Zaandam, Netherlands | Automation Machinery Manufacturing",8 maanden geleden,240,1,ROOD
Eltag Electric,"Woerden, Netherlands | Industrial Machinery Manufacturing",11 maanden geleden,330,1,ROOD
Exclusief.net,"Alkmaar, Netherlands | Technology, Information and Internet",7 maanden geleden,210,1,ROOD
Connectium B.V.,"Rijssen, Netherlands | IT Services and IT Consulting",4 maanden geleden,120,1,ROOD
DAEL Group,"Maasdijk, Netherlands | Telecommunications",3 maanden geleden,90,1,ROOD
Ministerie van Justitie en Veiligheid,"The Hague, Netherlands | Legal Services",2 maanden geleden,60,1,ROOD
van der Horst aannemers I vindingrijk bouwen,"Mill, Netherlands | Construction",1 maand geleden,30,3,ROOD
Acupunctuur H.Q. Wang,"The Hague, Netherlands | Hospitals and Health Care",3 dagen geleden,3,8,GROEN
V mediagroep,"Oosterhout, Netherlands | Design Services",11 maanden geleden,330,1,ROOD
In2doors,"Drachten, Netherlands | Retail",1 jaar geleden,999,1,ROOD
Van Gerwen Installaties,"Tilburg, Netherlands | Appliances, Electrical, and Electronics Manufacturing",5 maanden geleden,150,1,ROOD
Transportbedrijf van Duijn en Zonen B.V.,"De Lier, Netherlands | Truck Transportation",24 dagen geleden,24,3,ROOD
Peters Installatietechniek,"Zevenaar, Netherlands | Industrial Machinery Manufacturing",7 dagen geleden,7,8,GROEN
Stichting Proef lokaal bakkerij Rutgers,"Utrecht, Netherlands | Food and Beverage Manufacturing",1 jaar geleden,999,1,ROOD
Gardien Bedrijfsfysiotherapie,"Amsterdam, Netherlands | Hospitals and Health Care",11 maanden geleden,330,1,ROOD
Peet ICT B.V.,"Kamperland, Netherlands | IT Services and IT Consulting",9 maanden geleden,270,1,ROOD
Crystal Networks,"Houten, Netherlands | IT Services and IT Consulting",9 maanden geleden,270,1,ROOD
VLC & Partners,"'s-Hertogenbosch, Netherlands | Financial Services",6 maanden geleden,180,1,ROOD
Bos Elektrotechniek B.V.,"Maasdijk, Netherlands | Construction",5 maanden geleden,150,1,ROOD
Vanbreda Risk & Benefits B.V. (Netherlands),"Gouda, Netherlands | Insurance",5 maanden geleden,150,1,ROOD
A. Ploem & Zn. BV,"Kerkrade, Netherlands | Construction",5 maanden geleden,150,1,ROOD
KNNS,"Wijchen, Netherlands | IT Services and IT Consulting",3 maanden geleden,90,1,ROOD
E.P. Vastgoed,"Heerhugowaard, Netherlands | Construction",1 maand geleden,30,3,ROOD
Smit Groenadvies,"Schagen, Netherlands | Civil Engineering",2 maanden geleden,60,1,ROOD
CSD Techniek,"Zand, Netherlands | Security and Investigations",3 maanden geleden,90,1,ROOD
Victa,"Hengelo, Netherlands",28 dagen geleden,28,3,ROOD
Steegman Elektrotechniek B.V.,"The Hague, Netherlands | Facilities Services",2 maanden geleden,60,1,ROOD
Elite Technical,"Ronkonkoma, United States of America | Staffing and Recruiting",2 maanden geleden,60,1,ROOD
Association of Law Officers of the Crown (ALOC),"Toronto, Canada | Legal Services",2 maanden geleden,60,1,ROOD
Smartranking,"Groningen, Netherlands | Business Consulting and Services",2 maanden geleden,60,1,ROOD
AB Texel,"Helmstedt, Germany",28 dagen geleden,28,3,ROOD
Attero,"Wijster, Netherlands | Renewable Energy Semiconductor Manufacturing",25 dagen geleden,25,3,ROOD
Biocompact,"Ridderkerk, Netherlands | Environmental Services",8 dagen geleden,8,6,ORANJE
Kromwijk Electro Techniek B.V.,"Woerden, Netherlands | Construction",6 dagen geleden,6,8,GROEN
Cafe de Halve Maan,"The Hague, Netherlands",16 dagen geleden,16,4,ORANJE
Asimo Networks,"Amsterdam, Netherlands | IT Services and IT Consulting",10 maanden geleden,300,1,ROOD
CopyWiseAI,"Zaandam, Netherlands",1 maand geleden,30,3,ROOD
NOBIS,"Markham, Canada",1 jaar geleden,999,1,ROOD
Thermos Installaties Utrecht B.V.,"Zwolle, Netherlands | Construction",13 dagen geleden,13,6,ORANJE
van Dongen Advies,"Rotterdam, Netherlands | Accounting",2 dagen geleden,2,10,GROEN
DES Beveiligingstechniek,"Assen, Netherlands | Security and Investigations",5 maanden geleden,150,1,ROOD
Knaapen,"Son, Netherlands | Construction",6 dagen geleden,6,8,GROEN
Steal IT,"Wijchen, Netherlands | IT Services and IT Consulting",9 maanden geleden,270,1,ROOD
Provincie Drenthe,"Assen, Netherlands | Government Relations Services",1 maand geleden,30,3,ROOD
Restaurant De Nieuwe Polderkeuken,"Stolwijk, Netherlands | Hospitality",1 jaar geleden,999,1,ROOD
Spindler Installatietechniek,"Rotterdam, Netherlands | Construction",1 jaar geleden,999,1,ROOD
Inpijn Blokpoel ingenieurs,"Diemen, Netherlands | Civil Engineering",1 jaar geleden,999,1,ROOD
Gemeente Horst aan de Maas,"Horst, Netherlands | Government Administration",11 maanden geleden,330,1,ROOD
Equinox Autolijn BV,"Leeuwarden, Netherlands | Motor Vehicle Manufacturing",10 maanden geleden,300,1,ROOD
BouwInfoSys Consultancy,"Tilburg, Netherlands",9 maanden geleden,270,1,ROOD
Heva Klimaat & Installatie,"Varsseveld, Netherlands | Industrial Machinery Manufacturing",9 maanden geleden,270,1,ROOD
Dutch Wheels BV,"Weert, Netherlands | Entertainment Providers",9 maanden geleden,270,1,ROOD
MM Techniek - Elektrotechnisch Installatiebedrijf,"Almere Stad, Netherlands | Appliances, Electrical, and Electronics Manufacturing",9 maanden geleden,270,1,ROOD
Bridge Fund,"Amsterdam, Netherlands | Financial Services",8 maanden geleden,240,1,ROOD
Damon!,"Slagharen, Netherlands | Printing Services",8 maanden geleden,240,1,ROOD
Unified Service Provider,"Hilversum, Netherlands",7 maanden geleden,210,1,ROOD
CSD Techniek,"Dalen, Netherlands | Security and Investigations",7 maanden geleden,210,1,ROOD
Olthof Marine Group,"Capelle aan den IJssel, Netherlands | Shipbuilding",7 maanden geleden,210,1,ROOD
Van de Griendt beveiligingen,"Almere Stad, Netherlands | Security and Investigations",7 maanden geleden,210,1,ROOD
Labots Totaalinstallaties,"Krimpen aan den IJssel, Netherlands | IT Services and IT Consulting",7 maanden geleden,210,1,ROOD
Copijn,"Utrecht, Netherlands | Environmental Services",6 maanden geleden,180,1,ROOD
MKM Video Productions,"Velsen-Noord, Netherlands",6 maanden geleden,180,1,ROOD
Ahc,"Gardiner, United States of America | Hospitals and Health Care",5 maanden geleden,150,1,ROOD
D.P. Factory,"Dodewaard, Netherlands | Wholesale",5 maanden geleden,150,1,ROOD
Barth Installatietechniek,"'s-Gravendeel, Netherlands | Engineering Services",22 dagen geleden,22,3,ROOD
Bharti,"New Delhi, India",4 maanden geleden,120,1,ROOD
Endenburg Elektrotechniek,"Rotterdam, Netherlands | Construction",4 maanden geleden,120,1,ROOD
Gebr. Kok B.V.,"Hoorn, Netherlands | Appliances, Electrical, and Electronics Manufacturing",2 maanden geleden,60,1,ROOD
Gebr. Middelveld,"Alteveer, Netherlands | Construction",3 maanden geleden,90,1,ROOD
D.A.H.H. Hegeman Holding,"Hengelo, Netherlands",3 maanden geleden,90,1,ROOD
PARTELL SPECIALTY PHARMACY,"Las Vegas, United States of America | Pharmaceutical Manufacturing",3 maanden geleden,90,1,ROOD
Stichting Waarborgfonds Eigen Woningen,"Utrecht, Netherlands | Financial Services",3 maanden geleden,90,1,ROOD
Van Dijk Heftrucks bv,"Genemuiden, Netherlands | Machinery Manufacturing",2 maanden geleden,60,1,ROOD
Alco Energy Rotterdam B.V.,"Rotterdam, Netherlands | Construction",2 maanden geleden,60,1,ROOD
Beekman Elektro,"Venray, Netherlands | Construction",2 maanden geleden,60,1,ROOD
MFS bv,"Heteren, Netherlands | Industrial Machinery Manufacturing",2 maanden geleden,60,1,ROOD
R & J Mango,"Amsterdam, Netherlands",2 maanden geleden,60,1,ROOD
Verkade Klimaat,"Naaldwijk, Netherlands",15 dagen geleden,15,4,ORANJE
Grimbergen Industrial Systems,"Amsterdam, Netherlands | Architecture and Planning",2 maanden geleden,60,1,ROOD
Brainport Eindhoven,"Eindhoven, Netherlands | Business Consulting and Services",2 maanden geleden,60,1,ROOD
Uitgekookt,"IJsselmuiden, Netherlands | Food and Beverage Manufacturing",2 maanden geleden,60,1,ROOD
NeXT,"London, United Kingdom of Great Britain and Northern Ireland | Information Services",2 maanden geleden,60,1,ROOD
Deko Brand en Veiligheidsadvies BV,"Den Helder, Netherlands | Security and Investigations",2 maanden geleden,60,1,ROOD
Radiair Totaalinstallatie,"Lopik, Netherlands | Appliances, Electrical, and Electronics Manufacturing",2 maanden geleden,60,1,ROOD
Carool Installatiebedrijf,"Terschuur, Netherlands | Construction",2 maanden geleden,60,1,ROOD
Pilot Flying J,"Knoxville, United States of America | Retail",1 maand geleden,30,3,ROOD
Saint Michael's College,"Colchester, United States of America | Higher Education",1 maand geleden,30,3,ROOD
"TWICE Eindhoven, building I high tech I success","Eindhoven, Netherlands | Venture Capital and Private Equity Principals",30 dagen geleden,30,3,ROOD
Coolman Elektrotechniek,"Bedum, Netherlands | Appliances, Electrical, and Electronics Manufacturing",30 dagen geleden,30,3,ROOD
Van Kooten Beveiligingstechniek,"Almelo, Netherlands",29 dagen geleden,29,3,ROOD
ESH Media,"Frankfurt am Main, Germany | Advertising Services",28 dagen geleden,28,3,ROOD
Tuincentrum Stolzenbach,"Groningen, Netherlands | Retail",24 dagen geleden,24,3,ROOD
Kennemerwonen,"Alkmaar, Netherlands | Real Estate",22 dagen geleden,22,3,ROOD
Mind Media,"Herten, Netherlands | Medical Equipment Manufacturing",16 dagen geleden,16,4,ORANJE
Ooms Makelaars,"Rotterdam, Netherlands | Real Estate",14 dagen geleden,14,6,ORANJE
NeuroNation,"Berlin, Germany | Wellness and Fitness Services",7 dagen geleden,7,8,GROEN
ALK,"Hamburg, Germany | Pharmaceutical Manufacturing",2 dagen geleden,2,10,GROEN
Next-A,"Diemen, Netherlands | Business Consulting and Services",8 maanden geleden,240,1,ROOD
Kronenburg Techniek,"Amsterdam, Netherlands | Appliances, Electrical, and Electronics Manufacturing",6 dagen geleden,6,8,GROEN
Klimaat Comfort,"Pijnacker, Netherlands",3 maanden geleden,90,1,ROOD
Escrow Alliance BV,"The Hague, Netherlands | IT Services and IT Consulting",3 maanden geleden,90,1,ROOD
StudieKlus,"Amsterdam, Netherlands | Staffing and Recruiting",3 dagen geleden,3,8,GROEN
Bezemer Group B.V.,"Dordrecht, Netherlands | Machinery Manufacturing",8 maanden geleden,240,1,ROOD
Relpol,"Żary, Poland | Appliances, Electrical, and Electronics Manufacturing",3 maanden geleden,90,1,ROOD
Bras Elektrotechniek B.V.,"Dronten, Netherlands | Construction",28 dagen geleden,28,3,ROOD
Tevron,"Nashua, United States of America",8 dagen geleden,8,6,ORANJE
On The Rocks,"Leeuwarden, Netherlands | Movies and Sound Recording",1 jaar geleden,999,1,ROOD
Vecened,"The Hague, Netherlands | Construction",10 maanden geleden,300,1,ROOD
Kees Smit en Zonen Elektra,"Almere Stad, Netherlands | Construction",2 maanden geleden,60,1,ROOD
Meinders Installatiebedrijf,"Amsterdam, Netherlands | Construction",2 dagen geleden,2,10,GROEN
CAK,"The Hague, Netherlands | Government Administration",4 maanden geleden,120,1,ROOD
W.B. Stables,"Wergea, Netherlands | Farming",3 maanden geleden,90,1,ROOD
InterVision,"Bergen op Zoom, Netherlands | IT Services and IT Consulting",1 maand geleden,30,3,ROOD
Jarola,"Bavel AC, Netherlands | Non-profit Organizations",21 dagen geleden,21,4,ORANJE
RechtOp,"Hilversum, Netherlands | Individual and Family Services",2 maanden geleden,60,1,ROOD
Hairfashion Image,"Apeldoorn, Netherlands | Retail Apparel and Fashion",10 dagen geleden,10,6,ORANJE
Enjoygoods.Nl,"Amsterdam, Netherlands",24 dagen geleden,24,3,ROOD
Rensen Regeltechniek,"Uden, Netherlands | Automation Machinery Manufacturing",6 maanden geleden,180,1,ROOD
Herke Beheer,"Alkmaar, Netherlands",6 maanden geleden,180,1,ROOD
FCG isolatie & steigerbouw,"Oosterhout, Netherlands | Construction",8 maanden geleden,240,1,ROOD
Klimaat Comfort,"Apeldoorn, Netherlands",1 maand geleden,30,3,ROOD
Advisiongroup.Nl,"Nijmegen, Netherlands",4 maanden geleden,120,1,ROOD
Varun Digital Media,"Hyderabad, India | Marketing Services",3 maanden geleden,90,1,ROOD
